<?xml version="1.0" encoding="UTF-8"?>
<project-private xmlns="http://www.netbeans.org/ns/project-private/1">
    <editor-bookmarks xmlns="http://www.netbeans.org/ns/editor-bookmarks/2" lastBookmarkId="0"/>
    <open-files xmlns="http://www.netbeans.org/ns/projectui-open-files/2">
        <group>
            <file>file:/C:/Users/ENSMM/Documents/GitHub/ascension/Projet_Info/src/Ascension/Attaque.java</file>
            <file>file:/C:/Users/ENSMM/Documents/GitHub/ascension/Projet_Info/src/Ascension/Jeu.java</file>
            <file>file:/C:/Users/ENSMM/Documents/GitHub/ascension/Projet_Info/src/Ascension/Avatar.java</file>
            <file>file:/C:/Users/ENSMM/Documents/GitHub/ascension/Projet_Info/src/Ascension/FenetreDeJeu.java</file>
            <file>file:/C:/Users/ENSMM/Documents/GitHub/ascension/Projet_Info/src/Ascension/Carte.java</file>
        </group>
    </open-files>
</project-private>
